{
  "peers": [
    {
      "discovery_host": "8bfd871a0e444d8384582285c8cee7a4-vp0.us.blockchain.ibm.com",
      "discovery_port": 30003,
      "api_host": "8bfd871a0e444d8384582285c8cee7a4-vp0.us.blockchain.ibm.com",
      "api_port_tls": 5003,
      "api_port": 5003,
      "event_host": "8bfd871a0e444d8384582285c8cee7a4-vp0.us.blockchain.ibm.com",
      "event_port": 31003,
      "type": "peer",
      "network_id": "8bfd871a0e444d8384582285c8cee7a4",
      "container_id": "c44023798ed2251424a9c13c8ba2cb1241db17f0aa306e315e8f0223ce561e22",
      "id": "8bfd871a0e444d8384582285c8cee7a4-vp0",
      "api_url": "http://8bfd871a0e444d8384582285c8cee7a4-vp0.us.blockchain.ibm.com:5003"
    },
    {
      "discovery_host": "8bfd871a0e444d8384582285c8cee7a4-vp3.us.blockchain.ibm.com",
      "discovery_port": 30003,
      "api_host": "8bfd871a0e444d8384582285c8cee7a4-vp3.us.blockchain.ibm.com",
      "api_port_tls": 5003,
      "api_port": 5003,
      "event_host": "8bfd871a0e444d8384582285c8cee7a4-vp3.us.blockchain.ibm.com",
      "event_port": 31003,
      "type": "peer",
      "network_id": "8bfd871a0e444d8384582285c8cee7a4",
      "container_id": "1a1ba00440f68a25de0e49dba7cfa830a72738c608240e04d8f85ef49c6a8f1e",
      "id": "8bfd871a0e444d8384582285c8cee7a4-vp3",
      "api_url": "http://8bfd871a0e444d8384582285c8cee7a4-vp3.us.blockchain.ibm.com:5003"
    },
    {
      "discovery_host": "8bfd871a0e444d8384582285c8cee7a4-vp2.us.blockchain.ibm.com",
      "discovery_port": 30003,
      "api_host": "8bfd871a0e444d8384582285c8cee7a4-vp2.us.blockchain.ibm.com",
      "api_port_tls": 5003,
      "api_port": 5003,
      "event_host": "8bfd871a0e444d8384582285c8cee7a4-vp2.us.blockchain.ibm.com",
      "event_port": 31003,
      "type": "peer",
      "network_id": "8bfd871a0e444d8384582285c8cee7a4",
      "container_id": "483f5184c7435e6f63c2fb9dbab0b1526b0021a929ad7c535f138a6fa28b8d13",
      "id": "8bfd871a0e444d8384582285c8cee7a4-vp2",
      "api_url": "http://8bfd871a0e444d8384582285c8cee7a4-vp2.us.blockchain.ibm.com:5003"
    },
    {
      "discovery_host": "8bfd871a0e444d8384582285c8cee7a4-vp1.us.blockchain.ibm.com",
      "discovery_port": 30003,
      "api_host": "8bfd871a0e444d8384582285c8cee7a4-vp1.us.blockchain.ibm.com",
      "api_port_tls": 5003,
      "api_port": 5003,
      "event_host": "8bfd871a0e444d8384582285c8cee7a4-vp1.us.blockchain.ibm.com",
      "event_port": 31003,
      "type": "peer",
      "network_id": "8bfd871a0e444d8384582285c8cee7a4",
      "container_id": "503de86829e8c21e28cd29fd67bc99141793701df5510027ed550acf011e7555",
      "id": "8bfd871a0e444d8384582285c8cee7a4-vp1",
      "api_url": "http://8bfd871a0e444d8384582285c8cee7a4-vp1.us.blockchain.ibm.com:5003"
    }
  ],
  "ca": {
    "8bfd871a0e444d8384582285c8cee7a4-ca": {
      "url": "8bfd871a0e444d8384582285c8cee7a4-ca.us.blockchain.ibm.com:30003",
      "discovery_host": "8bfd871a0e444d8384582285c8cee7a4-ca.us.blockchain.ibm.com",
      "discovery_port": 30003,
      "api_host": "8bfd871a0e444d8384582285c8cee7a4-ca.us.blockchain.ibm.com",
      "api_port_tls": 30003,
      "api_port": 30003,
      "type": "ca",
      "network_id": "8bfd871a0e444d8384582285c8cee7a4",
      "container_id": "17474cd27bbf9f149228baa5ca819c30f1e54c874432783c2d5c94e629e0a311"
    }
  },
  "users": [
    {
      "enrollId": "admin",
      "enrollSecret": "6ec414e2ad",
      "affiliation": "group1",
      "username": "admin",
      "secret": "6ec414e2ad"
    },
    {
      "enrollId": "WebAppAdmin",
      "enrollSecret": "0859a84191",
      "affiliation": "group1",
      "username": "WebAppAdmin",
      "secret": "0859a84191"
    },
    {
      "enrollId": "user_type1_0",
      "enrollSecret": "f3ab585845",
      "affiliation": "group1",
      "username": "user_type1_0",
      "secret": "f3ab585845"
    },
    {
      "enrollId": "user_type1_1",
      "enrollSecret": "f362060e89",
      "affiliation": "group1",
      "username": "user_type1_1",
      "secret": "f362060e89"
    },
    {
      "enrollId": "user_type1_2",
      "enrollSecret": "19a4a3deef",
      "affiliation": "group1",
      "username": "user_type1_2",
      "secret": "19a4a3deef"
    },
    {
      "enrollId": "user_type1_3",
      "enrollSecret": "5a2ba6aad6",
      "affiliation": "group1",
      "username": "user_type1_3",
      "secret": "5a2ba6aad6"
    },
    {
      "enrollId": "user_type1_4",
      "enrollSecret": "676652553a",
      "affiliation": "group1",
      "username": "user_type1_4",
      "secret": "676652553a"
    },
    {
      "enrollId": "user_type2_0",
      "enrollSecret": "e2593e6e9a",
      "affiliation": "group1",
      "username": "user_type2_0",
      "secret": "e2593e6e9a"
    },
    {
      "enrollId": "user_type2_1",
      "enrollSecret": "2fb0473859",
      "affiliation": "group1",
      "username": "user_type2_1",
      "secret": "2fb0473859"
    },
    {
      "enrollId": "user_type2_2",
      "enrollSecret": "63e77c91d4",
      "affiliation": "group1",
      "username": "user_type2_2",
      "secret": "63e77c91d4"
    },
    {
      "enrollId": "user_type2_3",
      "enrollSecret": "15e1a3d4a0",
      "affiliation": "group1",
      "username": "user_type2_3",
      "secret": "15e1a3d4a0"
    },
    {
      "enrollId": "user_type2_4",
      "enrollSecret": "55633b4739",
      "affiliation": "group1",
      "username": "user_type2_4",
      "secret": "55633b4739"
    },
    {
      "enrollId": "user_type4_0",
      "enrollSecret": "6007d0ee27",
      "affiliation": "group1",
      "username": "user_type4_0",
      "secret": "6007d0ee27"
    },
    {
      "enrollId": "user_type4_1",
      "enrollSecret": "161e622462",
      "affiliation": "group1",
      "username": "user_type4_1",
      "secret": "161e622462"
    },
    {
      "enrollId": "user_type4_2",
      "enrollSecret": "b385ebfec7",
      "affiliation": "group1",
      "username": "user_type4_2",
      "secret": "b385ebfec7"
    },
    {
      "enrollId": "user_type4_3",
      "enrollSecret": "99ddca5a0a",
      "affiliation": "group1",
      "username": "user_type4_3",
      "secret": "99ddca5a0a"
    },
    {
      "enrollId": "user_type4_4",
      "enrollSecret": "0bca780d29",
      "affiliation": "group1",
      "username": "user_type4_4",
      "secret": "0bca780d29"
    },
    {
      "enrollId": "user_type8_0",
      "enrollSecret": "7eaaae75f3",
      "affiliation": "group1",
      "username": "user_type8_0",
      "secret": "7eaaae75f3"
    },
    {
      "enrollId": "user_type8_1",
      "enrollSecret": "2a50c9ca48",
      "affiliation": "group1",
      "username": "user_type8_1",
      "secret": "2a50c9ca48"
    },
    {
      "enrollId": "user_type8_2",
      "enrollSecret": "c7b1a591ca",
      "affiliation": "group1",
      "username": "user_type8_2",
      "secret": "c7b1a591ca"
    },
    {
      "enrollId": "user_type8_3",
      "enrollSecret": "70de4d760a",
      "affiliation": "group1",
      "username": "user_type8_3",
      "secret": "70de4d760a"
    },
    {
      "enrollId": "user_type8_4",
      "enrollSecret": "ea8eea85ca",
      "affiliation": "group1",
      "username": "user_type8_4",
      "secret": "ea8eea85ca"
    }
  ],
  "cert": "https://blockchain-certs.mybluemix.net/us.blockchain.ibm.com.cert",
  "cert_path": "/certs/peer/cert.pem"
}